"","m1.raw","m1.scaled","Microbiota.x","domain.x","m2.raw","m2.scaled","Microbiota.y","domain.y","m3.raw","m3.scaled","Microbiota.x.1","domain.x.1","m4.raw","m4.scaled","Microbiota.y.1","domain.y.1"
"Aeromonadaceae|Oceanimonas",0.320966223091713,100,"k__Bacteria.p__Proteobacteria.c__Gammaproteobacteria.o__Aeromonadales.f__Aeromonadaceae.g__Oceanimonas","microbiota",0.0113564303030951,6.10529415988572,"k__Bacteria.p__Proteobacteria.c__Gammaproteobacteria.o__Aeromonadales.f__Aeromonadaceae.g__Oceanimonas","microbiota",0.0195840345737426,3.74287601782886,"k__Bacteria.p__Proteobacteria.c__Gammaproteobacteria.o__Aeromonadales.f__Aeromonadaceae.g__Oceanimonas","microbiota",0.0135582693615669,2.99201887959941,"k__Bacteria.p__Proteobacteria.c__Gammaproteobacteria.o__Aeromonadales.f__Aeromonadaceae.g__Oceanimonas","microbiota"
"age.groupyounger",0.00818641682029941,2.5505539933279,NA,"clinical",0.00749506873839612,4.02939992367149,NA,"clinical",0.0143052244645375,2.73399647944678,NA,"clinical",0.0165364180449086,3.6492323372455,NA,"clinical"
"Anaplasmataceae|Anaplasma",0.0130001228910903,4.05030871032672,"k__Bacteria.p__Proteobacteria.c__Alphaproteobacteria.o__Rickettsiales.f__Anaplasmataceae.g__Anaplasma","microbiota",0.00095175111164203,0.511667869963432,"k__Bacteria.p__Proteobacteria.c__Alphaproteobacteria.o__Rickettsiales.f__Anaplasmataceae.g__Anaplasma","microbiota",0.0216881541039972,4.14501269190287,"k__Bacteria.p__Proteobacteria.c__Alphaproteobacteria.o__Rickettsiales.f__Anaplasmataceae.g__Anaplasma","microbiota",0.00662373069716005,1.46171511796803,"k__Bacteria.p__Proteobacteria.c__Alphaproteobacteria.o__Rickettsiales.f__Anaplasmataceae.g__Anaplasma","microbiota"
"Anaplasmataceae|Ehrlichia",0.0311376919290677,9.70123635725072,"k__Bacteria.p__Proteobacteria.c__Alphaproteobacteria.o__Rickettsiales.f__Anaplasmataceae.g__Ehrlichia","microbiota",0.00733757860865181,3.94473215891573,"k__Bacteria.p__Proteobacteria.c__Alphaproteobacteria.o__Rickettsiales.f__Anaplasmataceae.g__Ehrlichia","microbiota",0.0113913843479588,2.17710702691525,"k__Bacteria.p__Proteobacteria.c__Alphaproteobacteria.o__Rickettsiales.f__Anaplasmataceae.g__Ehrlichia","microbiota",0.0118810397145462,2.62189031558557,"k__Bacteria.p__Proteobacteria.c__Alphaproteobacteria.o__Rickettsiales.f__Anaplasmataceae.g__Ehrlichia","microbiota"
"Anaplasmataceae|Wolbachia",0.00771955529861046,2.40509896158285,"k__Bacteria.p__Proteobacteria.c__Alphaproteobacteria.o__Rickettsiales.f__Anaplasmataceae.g__Wolbachia","microbiota",0.0058787677172415,3.16046550310949,"k__Bacteria.p__Proteobacteria.c__Alphaproteobacteria.o__Rickettsiales.f__Anaplasmataceae.g__Wolbachia","microbiota",0.0348788540814063,6.66600265533029,"k__Bacteria.p__Proteobacteria.c__Alphaproteobacteria.o__Rickettsiales.f__Anaplasmataceae.g__Wolbachia","microbiota",0.0114232804500883,2.52087267645737,"k__Bacteria.p__Proteobacteria.c__Alphaproteobacteria.o__Rickettsiales.f__Anaplasmataceae.g__Wolbachia","microbiota"
"Angio.gene6",0.0857174290351795,26.7060590393297,NA,"immune",0.011872897772649,6.3829505837339,NA,"immune",0.0879786247871523,16.814363943112,NA,"immune",0.106381723383435,23.4761617666206,NA,"immune"
"Bacillaceae|Fictibacillus",0.122187846195305,38.0687553407734,"k__Bacteria.p__Firmicutes.c__Bacilli.o__Bacillales.f__Bacillaceae.g__Fictibacillus","microbiota",0.00130845203572094,0.703432712478363,"k__Bacteria.p__Firmicutes.c__Bacilli.o__Bacillales.f__Bacillaceae.g__Fictibacillus","microbiota",0.0213339727172193,4.0773219914223,"k__Bacteria.p__Firmicutes.c__Bacilli.o__Bacillales.f__Bacillaceae.g__Fictibacillus","microbiota",0.0144531973960723,3.18951027792737,"k__Bacteria.p__Firmicutes.c__Bacilli.o__Bacillales.f__Bacillaceae.g__Fictibacillus","microbiota"
"Bacillales|Acidibacillus",0.0172245645231806,5.3664726329346,"k__Bacteria.p__Firmicutes.c__Bacilli.o__Bacillales.g__Acidibacillus","microbiota",0.0300333346190058,16.1461249316466,"k__Bacteria.p__Firmicutes.c__Bacilli.o__Bacillales.g__Acidibacillus","microbiota",0.036411037782186,6.95883167413959,"k__Bacteria.p__Firmicutes.c__Bacilli.o__Bacillales.g__Acidibacillus","microbiota",0.0295230443315386,6.51510186643802,"k__Bacteria.p__Firmicutes.c__Bacilli.o__Bacillales.g__Acidibacillus","microbiota"
"Bacteroidaceae|Bacteroides",0.141116876887628,43.9662701976292,"k__Bacteria.p__Bacteroidetes.c__Bacteroidia.o__Bacteroidales.f__Bacteroidaceae.g__Bacteroides","microbiota",0.00424280938430122,2.28096317805277,"k__Bacteria.p__Bacteroidetes.c__Bacteroidia.o__Bacteroidales.f__Bacteroidaceae.g__Bacteroides","microbiota",0.0284803825046702,5.4431348277053,"k__Bacteria.p__Bacteroidetes.c__Bacteroidia.o__Bacteroidales.f__Bacteroidaceae.g__Bacteroides","microbiota",0.00837430422217011,1.84802910076912,"k__Bacteria.p__Bacteroidetes.c__Bacteroidia.o__Bacteroidales.f__Bacteroidaceae.g__Bacteroides","microbiota"
"Bartonellaceae|Bartonella",0.0285518091297332,8.89558061739563,"k__Bacteria.p__Proteobacteria.c__Alphaproteobacteria.o__Rhizobiales.f__Bartonellaceae.g__Bartonella","microbiota",0.00443247262188295,2.38292742437384,"k__Bacteria.p__Proteobacteria.c__Alphaproteobacteria.o__Rhizobiales.f__Bartonellaceae.g__Bartonella","microbiota",0.034089149712948,6.51507535121694,"k__Bacteria.p__Proteobacteria.c__Alphaproteobacteria.o__Rhizobiales.f__Bartonellaceae.g__Bartonella","microbiota",0.00305442925279609,0.67404694117321,"k__Bacteria.p__Proteobacteria.c__Alphaproteobacteria.o__Rhizobiales.f__Bartonellaceae.g__Bartonella","microbiota"
"Brachyspiraceae|Brachyspira",0.010737705412838,3.34543158760037,"k__Bacteria.p__Spirochaetes.c__Spirochaetia.o__Brachyspirales.f__Brachyspiraceae.g__Brachyspira","microbiota",0.0149495199075758,8.03696356591407,"k__Bacteria.p__Spirochaetes.c__Spirochaetia.o__Brachyspirales.f__Brachyspiraceae.g__Brachyspira","microbiota",0.0078446724284702,1.49926391263684,"k__Bacteria.p__Spirochaetes.c__Spirochaetia.o__Brachyspirales.f__Brachyspiraceae.g__Brachyspira","microbiota",0.00883894704977428,1.95056579445681,"k__Bacteria.p__Spirochaetes.c__Spirochaetia.o__Brachyspirales.f__Brachyspiraceae.g__Brachyspira","microbiota"
"Burkholderiaceae|Pandoraea",0.0268372857626957,8.36140498030762,"k__Bacteria.p__Proteobacteria.c__Betaproteobacteria.o__Burkholderiales.f__Burkholderiaceae.g__Pandoraea","microbiota",0.0050061432402122,2.69133665001132,"k__Bacteria.p__Proteobacteria.c__Betaproteobacteria.o__Burkholderiales.f__Burkholderiaceae.g__Pandoraea","microbiota",0.0133968069889616,2.56038087584341,"k__Bacteria.p__Proteobacteria.c__Betaproteobacteria.o__Burkholderiales.f__Burkholderiaceae.g__Pandoraea","microbiota",0.01145723984393,2.52836678538856,"k__Bacteria.p__Proteobacteria.c__Betaproteobacteria.o__Burkholderiales.f__Burkholderiaceae.g__Pandoraea","microbiota"
"Burkholderiales|Ideonella",0.0326867931072845,10.1838731790618,"k__Bacteria.p__Proteobacteria.c__Betaproteobacteria.o__Burkholderiales.g__Ideonella","microbiota",0.00659655287980643,3.54635168777316,"k__Bacteria.p__Proteobacteria.c__Betaproteobacteria.o__Burkholderiales.g__Ideonella","microbiota",0.0365327878529855,6.98210039430287,"k__Bacteria.p__Proteobacteria.c__Betaproteobacteria.o__Burkholderiales.g__Ideonella","microbiota",0.00893967396312789,1.97279406108884,"k__Bacteria.p__Proteobacteria.c__Betaproteobacteria.o__Burkholderiales.g__Ideonella","microbiota"
"Burkholderiales|Thiomonas",0.0232682654096924,7.24944362854148,"k__Bacteria.p__Proteobacteria.c__Betaproteobacteria.o__Burkholderiales.g__Thiomonas","microbiota",0.00536250760653934,2.88292055679015,"k__Bacteria.p__Proteobacteria.c__Betaproteobacteria.o__Burkholderiales.g__Thiomonas","microbiota",0.0271788130454448,5.1943805122383,"k__Bacteria.p__Proteobacteria.c__Betaproteobacteria.o__Burkholderiales.g__Thiomonas","microbiota",0.00497381316996515,1.09761375226256,"k__Bacteria.p__Proteobacteria.c__Betaproteobacteria.o__Burkholderiales.g__Thiomonas","microbiota"
"CD4..T.cells",0,0,NA,"immune",0,0,NA,"immune",0,0,NA,"immune",0,0,NA,"immune"
"CD8..T.cells",0.0233665674138167,7.28007052852411,NA,"immune",0.0205017118989463,11.0218597379304,NA,"immune",0.00847373613033375,1.61948977490878,NA,"immune",0.0312867153052289,6.90430617489062,NA,"immune"
"Chlamydiaceae|Chlamydia",0.116897733279309,36.4205716580672,"k__Bacteria.p__Chlamydiae.c__Chlamydiia.o__Chlamydiales.f__Chlamydiaceae.g__Chlamydia","microbiota",0.0156104533775308,8.39228589401302,"k__Bacteria.p__Chlamydiae.c__Chlamydiia.o__Chlamydiales.f__Chlamydiaceae.g__Chlamydia","microbiota",0.00405284908298587,0.774575411387695,"k__Bacteria.p__Chlamydiae.c__Chlamydiia.o__Chlamydiales.f__Chlamydiaceae.g__Chlamydia","microbiota",0.0139974166503717,3.08892925539954,"k__Bacteria.p__Chlamydiae.c__Chlamydiia.o__Chlamydiales.f__Chlamydiaceae.g__Chlamydia","microbiota"
"Chromatiaceae|Marichromatium",0.0644113024267376,20.0679379301332,"k__Bacteria.p__Proteobacteria.c__Gammaproteobacteria.o__Chromatiales.f__Chromatiaceae.g__Marichromatium","microbiota",0.00483011575846681,2.59670307875728,"k__Bacteria.p__Proteobacteria.c__Gammaproteobacteria.o__Chromatiales.f__Chromatiaceae.g__Marichromatium","microbiota",0.0137012654212314,2.61856858789413,"k__Bacteria.p__Proteobacteria.c__Gammaproteobacteria.o__Chromatiales.f__Chromatiaceae.g__Marichromatium","microbiota",0.0395108960184991,8.71920624119953,"k__Bacteria.p__Proteobacteria.c__Gammaproteobacteria.o__Chromatiales.f__Chromatiaceae.g__Marichromatium","microbiota"
"Chromatiaceae|Thiocystis",0.0514065125317963,16.016175171525,"k__Bacteria.p__Proteobacteria.c__Gammaproteobacteria.o__Chromatiales.f__Chromatiaceae.g__Thiocystis","microbiota",0.00420121627201986,2.25860243803805,"k__Bacteria.p__Proteobacteria.c__Gammaproteobacteria.o__Chromatiales.f__Chromatiaceae.g__Thiocystis","microbiota",0.0573132104470947,10.9536285835005,"k__Bacteria.p__Proteobacteria.c__Gammaproteobacteria.o__Chromatiales.f__Chromatiaceae.g__Thiocystis","microbiota",0.00191193654644528,0.421923336305458,"k__Bacteria.p__Proteobacteria.c__Gammaproteobacteria.o__Chromatiales.f__Chromatiaceae.g__Thiocystis","microbiota"
"Chroococcales|Cyanothece",0.0309877612255174,9.65452405771151,"k__Bacteria.p__Cyanobacteria.o__Chroococcales.g__Cyanothece","microbiota",0.00568724674168919,3.05750252422197,"k__Bacteria.p__Cyanobacteria.o__Chroococcales.g__Cyanothece","microbiota",0.0361410860859673,6.907238846015,"k__Bacteria.p__Cyanobacteria.o__Chroococcales.g__Cyanothece","microbiota",0.00900532451873248,1.98728172884251,"k__Bacteria.p__Cyanobacteria.o__Chroococcales.g__Cyanothece","microbiota"
"Clostridiales|Flavonifractor",0.0259309672456113,8.07903305083968,"k__Bacteria.p__Firmicutes.c__Clostridia.o__Clostridiales.g__Flavonifractor","microbiota",0.00572633290965574,3.07851551392468,"k__Bacteria.p__Firmicutes.c__Clostridia.o__Clostridiales.g__Flavonifractor","microbiota",0.0107481967992519,2.05418183282633,"k__Bacteria.p__Firmicutes.c__Clostridia.o__Clostridiales.g__Flavonifractor","microbiota",0.0154185759620062,3.40254859559221,"k__Bacteria.p__Firmicutes.c__Clostridia.o__Clostridiales.g__Flavonifractor","microbiota"
"Colwelliaceae|Colwellia",0.0610442856534275,19.0189126648335,"k__Bacteria.p__Proteobacteria.c__Gammaproteobacteria.o__Alteromonadales.f__Colwelliaceae.g__Colwellia","microbiota",0.00129247749828543,0.694844692518839,"k__Bacteria.p__Proteobacteria.c__Gammaproteobacteria.o__Alteromonadales.f__Colwelliaceae.g__Colwellia","microbiota",0.0364722129434497,6.97052339389828,"k__Bacteria.p__Proteobacteria.c__Gammaproteobacteria.o__Alteromonadales.f__Colwelliaceae.g__Colwellia","microbiota",0.00478954531468134,1.056949793817,"k__Bacteria.p__Proteobacteria.c__Gammaproteobacteria.o__Alteromonadales.f__Colwelliaceae.g__Colwellia","microbiota"
"Competibacteraceae|Candidatus_Contendobacter",0.0239806053513751,7.47137973596771,"k__Bacteria.p__Proteobacteria.c__Gammaproteobacteria.f__Competibacteraceae.g__Candidatus_Contendobacter","microbiota",0.00278990923400269,1.49987417686398,"k__Bacteria.p__Proteobacteria.c__Gammaproteobacteria.f__Competibacteraceae.g__Candidatus_Contendobacter","microbiota",0.0219686861796455,4.19862762881602,"k__Bacteria.p__Proteobacteria.c__Gammaproteobacteria.f__Competibacteraceae.g__Candidatus_Contendobacter","microbiota",0.0111727179214073,2.46557890729396,"k__Bacteria.p__Proteobacteria.c__Gammaproteobacteria.f__Competibacteraceae.g__Candidatus_Contendobacter","microbiota"
"Desulfobacteraceae|Desulfococcus",0.0103330627191383,3.21936140806495,"k__Bacteria.p__Proteobacteria.c__Deltaproteobacteria.o__Desulfobacterales.f__Desulfobacteraceae.g__Desulfococcus","microbiota",0.00233069717920764,1.25299865335328,"k__Bacteria.p__Proteobacteria.c__Deltaproteobacteria.o__Desulfobacterales.f__Desulfobacteraceae.g__Desulfococcus","microbiota",0.0149813148926743,2.86321003040474,"k__Bacteria.p__Proteobacteria.c__Deltaproteobacteria.o__Desulfobacterales.f__Desulfobacteraceae.g__Desulfococcus","microbiota",0.00547340523396389,1.20786299187565,"k__Bacteria.p__Proteobacteria.c__Deltaproteobacteria.o__Desulfobacterales.f__Desulfobacteraceae.g__Desulfococcus","microbiota"
"Ectothiorhodospiraceae|Thiorhodospira",0.0542486225281537,16.9016608681134,"k__Bacteria.p__Proteobacteria.c__Gammaproteobacteria.o__Chromatiales.f__Ectothiorhodospiraceae.g__Thiorhodospira","microbiota",0.0103718506490645,5.57597744228506,"k__Bacteria.p__Proteobacteria.c__Gammaproteobacteria.o__Chromatiales.f__Ectothiorhodospiraceae.g__Thiorhodospira","microbiota",0.00928076717266568,1.77372853110652,"k__Bacteria.p__Proteobacteria.c__Gammaproteobacteria.o__Chromatiales.f__Ectothiorhodospiraceae.g__Thiorhodospira","microbiota",0.00908022951217224,2.00381165228416,"k__Bacteria.p__Proteobacteria.c__Gammaproteobacteria.o__Chromatiales.f__Ectothiorhodospiraceae.g__Thiorhodospira","microbiota"
"Enterobacteriaceae|Citrobacter",0.0299186634699217,9.32143674861786,"k__Bacteria.p__Proteobacteria.c__Gammaproteobacteria.o__Enterobacteriales.f__Enterobacteriaceae.g__Citrobacter","microbiota",0.00262229696299032,1.40976468012731,"k__Bacteria.p__Proteobacteria.c__Gammaproteobacteria.o__Enterobacteriales.f__Enterobacteriaceae.g__Citrobacter","microbiota",0.0119361667257847,2.28122514870585,"k__Bacteria.p__Proteobacteria.c__Gammaproteobacteria.o__Enterobacteriales.f__Enterobacteriaceae.g__Citrobacter","microbiota",0.0194043851057872,4.28213107700225,"k__Bacteria.p__Proteobacteria.c__Gammaproteobacteria.o__Enterobacteriales.f__Enterobacteriaceae.g__Citrobacter","microbiota"
"Enterobacteriaceae|Cronobacter",0.00168988764839317,0.526500150737141,"k__Bacteria.p__Proteobacteria.c__Gammaproteobacteria.o__Enterobacteriales.f__Enterobacteriaceae.g__Cronobacter","microbiota",0.00388243911441766,2.08722567028003,"k__Bacteria.p__Proteobacteria.c__Gammaproteobacteria.o__Enterobacteriales.f__Enterobacteriaceae.g__Cronobacter","microbiota",0.0132808934137828,2.53822761937095,"k__Bacteria.p__Proteobacteria.c__Gammaproteobacteria.o__Enterobacteriales.f__Enterobacteriaceae.g__Cronobacter","microbiota",0.00497260911899833,1.09734804407159,"k__Bacteria.p__Proteobacteria.c__Gammaproteobacteria.o__Enterobacteriales.f__Enterobacteriaceae.g__Cronobacter","microbiota"
"Enterobacteriaceae|Dickeya",0.0441203239048796,13.7460956108995,"k__Bacteria.p__Proteobacteria.c__Gammaproteobacteria.o__Enterobacteriales.f__Enterobacteriaceae.g__Dickeya","microbiota",0.0148446656779817,7.98059321902739,"k__Bacteria.p__Proteobacteria.c__Gammaproteobacteria.o__Enterobacteriales.f__Enterobacteriaceae.g__Dickeya","microbiota",0.0113753329767784,2.17403930907507,"k__Bacteria.p__Proteobacteria.c__Gammaproteobacteria.o__Enterobacteriales.f__Enterobacteriaceae.g__Dickeya","microbiota",0.0132429593053798,2.92243672159083,"k__Bacteria.p__Proteobacteria.c__Gammaproteobacteria.o__Enterobacteriales.f__Enterobacteriaceae.g__Dickeya","microbiota"
"Enterobacteriaceae|Hafnia",0.256403039574785,79.884742109303,"k__Bacteria.p__Proteobacteria.c__Gammaproteobacteria.o__Enterobacteriales.f__Enterobacteriaceae.g__Hafnia","microbiota",0.00773338659862677,4.15752122600239,"k__Bacteria.p__Proteobacteria.c__Gammaproteobacteria.o__Enterobacteriales.f__Enterobacteriaceae.g__Hafnia","microbiota",0.0704551994848633,13.4653089735048,"k__Bacteria.p__Proteobacteria.c__Gammaproteobacteria.o__Enterobacteriales.f__Enterobacteriaceae.g__Hafnia","microbiota",0.00387882999419231,0.855974480509852,"k__Bacteria.p__Proteobacteria.c__Gammaproteobacteria.o__Enterobacteriales.f__Enterobacteriaceae.g__Hafnia","microbiota"
"Enterobacteriaceae|Klebsiella",0.032225955575835,10.0402949772776,"k__Bacteria.p__Proteobacteria.c__Gammaproteobacteria.o__Enterobacteriales.f__Enterobacteriaceae.g__Klebsiella","microbiota",0.00711266366710916,3.82381635681751,"k__Bacteria.p__Proteobacteria.c__Gammaproteobacteria.o__Enterobacteriales.f__Enterobacteriaceae.g__Klebsiella","microbiota",0.0340393951203194,6.50556631614937,"k__Bacteria.p__Proteobacteria.c__Gammaproteobacteria.o__Enterobacteriales.f__Enterobacteriaceae.g__Klebsiella","microbiota",0.00572576897889976,1.26355425078477,"k__Bacteria.p__Proteobacteria.c__Gammaproteobacteria.o__Enterobacteriales.f__Enterobacteriaceae.g__Klebsiella","microbiota"
"Enterobacteriaceae|Proteus",NA,NA,NA,NA,0.017812755381499,9.57625842801142,"k__Bacteria.p__Proteobacteria.c__Gammaproteobacteria.o__Enterobacteriales.f__Enterobacteriaceae.g__Proteus","microbiota",NA,NA,NA,NA,0.0124905585721984,2.75639803784226,"k__Bacteria.p__Proteobacteria.c__Gammaproteobacteria.o__Enterobacteriales.f__Enterobacteriaceae.g__Proteus","microbiota"
"Epithelial.cells",0.17572218177779,54.7478734943333,NA,"nonimmune",0.186009551803605,100,NA,"nonimmune",0.523234926309494,100,NA,"nonimmune",0.453147854581123,100,NA,"nonimmune"
"Fervidobacteriaceae|Fervidobacterium",0.015367834147199,4.78799108490859,"k__Bacteria.p__Thermotogae.c__Thermotogae.o__Thermotogales.f__Fervidobacteriaceae.g__Fervidobacterium","microbiota",0.00107607234941265,0.578503812830431,"k__Bacteria.p__Thermotogae.c__Thermotogae.o__Thermotogales.f__Fervidobacteriaceae.g__Fervidobacterium","microbiota",0.0036056533533696,0.68910792687353,"k__Bacteria.p__Thermotogae.c__Thermotogae.o__Thermotogales.f__Fervidobacteriaceae.g__Fervidobacterium","microbiota",0.00092220085975625,0.203509925167516,"k__Bacteria.p__Thermotogae.c__Thermotogae.o__Thermotogales.f__Fervidobacteriaceae.g__Fervidobacterium","microbiota"
"Fimbriimonadaceae|Fimbriimonas",0.0393306320382832,12.2538227416674,"k__Bacteria.p__Armatimonadetes.c__Fimbriimonadia.o__Fimbriimonadales.f__Fimbriimonadaceae.g__Fimbriimonas","microbiota",0.00625728122619085,3.36395693958636,"k__Bacteria.p__Armatimonadetes.c__Fimbriimonadia.o__Fimbriimonadales.f__Fimbriimonadaceae.g__Fimbriimonas","microbiota",0.0228869668768992,4.37412827892179,"k__Bacteria.p__Armatimonadetes.c__Fimbriimonadia.o__Fimbriimonadales.f__Fimbriimonadaceae.g__Fimbriimonas","microbiota",0.0119923037155671,2.64644389117818,"k__Bacteria.p__Armatimonadetes.c__Fimbriimonadia.o__Fimbriimonadales.f__Fimbriimonadaceae.g__Fimbriimonas","microbiota"
"Flavobacteriaceae|Capnocytophaga",0.0161342583938178,5.02677765853499,"k__Bacteria.p__Bacteroidetes.c__Flavobacteriia.o__Flavobacteriales.f__Flavobacteriaceae.g__Capnocytophaga","microbiota",0.0164202821026074,8.82765532382148,"k__Bacteria.p__Bacteroidetes.c__Flavobacteriia.o__Flavobacteriales.f__Flavobacteriaceae.g__Capnocytophaga","microbiota",0.0284158069592598,5.43079323081194,"k__Bacteria.p__Bacteroidetes.c__Flavobacteriia.o__Flavobacteriales.f__Flavobacteriaceae.g__Capnocytophaga","microbiota",0.0399149791923187,8.80837871983636,"k__Bacteria.p__Bacteroidetes.c__Flavobacteriia.o__Flavobacteriales.f__Flavobacteriaceae.g__Capnocytophaga","microbiota"
"Flavobacteriaceae|Gelidibacter",0.0257803379514442,8.03210309892258,"k__Bacteria.p__Bacteroidetes.c__Flavobacteriia.o__Flavobacteriales.f__Flavobacteriaceae.g__Gelidibacter","microbiota",0.0011016060090997,0.592230881918802,"k__Bacteria.p__Bacteroidetes.c__Flavobacteriia.o__Flavobacteriales.f__Flavobacteriaceae.g__Gelidibacter","microbiota",0.00981632965436574,1.87608455796381,"k__Bacteria.p__Bacteroidetes.c__Flavobacteriia.o__Flavobacteriales.f__Flavobacteriaceae.g__Gelidibacter","microbiota",0.00510367038622361,1.12627045116241,"k__Bacteria.p__Bacteroidetes.c__Flavobacteriia.o__Flavobacteriales.f__Flavobacteriaceae.g__Gelidibacter","microbiota"
"Flavobacteriaceae|Ornithobacterium",0.0267153910254284,8.32342754576851,"k__Bacteria.p__Bacteroidetes.c__Flavobacteriia.o__Flavobacteriales.f__Flavobacteriaceae.g__Ornithobacterium","microbiota",0.0219631156937553,11.8075203562367,"k__Bacteria.p__Bacteroidetes.c__Flavobacteriia.o__Flavobacteriales.f__Flavobacteriaceae.g__Ornithobacterium","microbiota",0.0131828446469374,2.51948866256297,"k__Bacteria.p__Bacteroidetes.c__Flavobacteriia.o__Flavobacteriales.f__Flavobacteriaceae.g__Ornithobacterium","microbiota",0.0265316842098375,5.85497292806619,"k__Bacteria.p__Bacteroidetes.c__Flavobacteriia.o__Flavobacteriales.f__Flavobacteriaceae.g__Ornithobacterium","microbiota"
"Francisellaceae|Francisella",0.0532305626122481,16.5844748707524,"k__Bacteria.p__Proteobacteria.c__Gammaproteobacteria.o__Thiotrichales.f__Francisellaceae.g__Francisella","microbiota",0.00515412084723588,2.77089041786294,"k__Bacteria.p__Proteobacteria.c__Gammaproteobacteria.o__Thiotrichales.f__Francisellaceae.g__Francisella","microbiota",0.153407607153695,29.3190686324625,"k__Bacteria.p__Proteobacteria.c__Gammaproteobacteria.o__Thiotrichales.f__Francisellaceae.g__Francisella","microbiota",0.0635586921083493,14.0260384035363,"k__Bacteria.p__Proteobacteria.c__Gammaproteobacteria.o__Thiotrichales.f__Francisellaceae.g__Francisella","microbiota"
"genderMALE",0.0328230679444588,10.2263308669336,NA,"clinical",0.0109220229593487,5.87175381771824,NA,"clinical",0.0882331370204775,16.8630060005374,NA,"clinical",0.000637560274211024,0.140695860692172,NA,"clinical"
"Glycomycetaceae|Stackebrandtia",0.01590704002471,4.95598567085507,"k__Bacteria.p__Actinobacteria.c__Actinobacteria.o__Glycomycetales.f__Glycomycetaceae.g__Stackebrandtia","microbiota",0.00109541241368061,0.588901162902205,"k__Bacteria.p__Actinobacteria.c__Actinobacteria.o__Glycomycetales.f__Glycomycetaceae.g__Stackebrandtia","microbiota",0.00313512288414319,0.599180736319724,"k__Bacteria.p__Actinobacteria.c__Actinobacteria.o__Glycomycetales.f__Glycomycetaceae.g__Stackebrandtia","microbiota",0.00506982039578374,1.11880048521252,"k__Bacteria.p__Actinobacteria.c__Actinobacteria.o__Glycomycetales.f__Glycomycetaceae.g__Stackebrandtia","microbiota"
"Gordoniaceae|Gordonia",0.0137538153818363,4.2851285874733,"k__Bacteria.p__Actinobacteria.c__Actinobacteria.o__Corynebacteriales.f__Gordoniaceae.g__Gordonia","microbiota",0.0027485718555248,1.4776509210811,"k__Bacteria.p__Actinobacteria.c__Actinobacteria.o__Corynebacteriales.f__Gordoniaceae.g__Gordonia","microbiota",0.00575588553658724,1.10005759309397,"k__Bacteria.p__Actinobacteria.c__Actinobacteria.o__Corynebacteriales.f__Gordoniaceae.g__Gordonia","microbiota",0.0148092527675846,3.26808405200855,"k__Bacteria.p__Actinobacteria.c__Actinobacteria.o__Corynebacteriales.f__Gordoniaceae.g__Gordonia","microbiota"
"HPV.flagpos",NA,NA,NA,NA,8.39014426157192e-07,0.000451059861185544,NA,"viral",NA,NA,NA,NA,0.00308556610776378,0.680918176389909,NA,"viral"
"Hymenobacteraceae|Rufibacter",0.0849571417189823,26.4691844832242,"k__Bacteria.p__Bacteroidetes.c__Cytophagia.o__Cytophagales.f__Hymenobacteraceae.g__Rufibacter","microbiota",0.0022756111957436,1.22338405403303,"k__Bacteria.p__Bacteroidetes.c__Cytophagia.o__Cytophagales.f__Hymenobacteraceae.g__Rufibacter","microbiota",0.0127239165450609,2.43177890184163,"k__Bacteria.p__Bacteroidetes.c__Cytophagia.o__Cytophagales.f__Hymenobacteraceae.g__Rufibacter","microbiota",0.0119631489168173,2.64001005320342,"k__Bacteria.p__Bacteroidetes.c__Cytophagia.o__Cytophagales.f__Hymenobacteraceae.g__Rufibacter","microbiota"
"Hyphomonadaceae|Robiginitomaculum",0.0330580699699505,10.299547924862,"k__Bacteria.p__Proteobacteria.c__Alphaproteobacteria.o__Rhodobacterales.f__Hyphomonadaceae.g__Robiginitomaculum","microbiota",0.00397712890280377,2.13813154445045,"k__Bacteria.p__Proteobacteria.c__Alphaproteobacteria.o__Rhodobacterales.f__Hyphomonadaceae.g__Robiginitomaculum","microbiota",0.0272092281496525,5.20019340864074,"k__Bacteria.p__Proteobacteria.c__Alphaproteobacteria.o__Rhodobacterales.f__Hyphomonadaceae.g__Robiginitomaculum","microbiota",0.00674595773337949,1.48868799999401,"k__Bacteria.p__Proteobacteria.c__Alphaproteobacteria.o__Rhodobacterales.f__Hyphomonadaceae.g__Robiginitomaculum","microbiota"
"Intrasporangiaceae|Terrabacter",0.057633183847137,17.9561522991374,"k__Bacteria.p__Actinobacteria.c__Actinobacteria.o__Micrococcales.f__Intrasporangiaceae.g__Terrabacter","microbiota",0.00888445432580642,4.77634306392337,"k__Bacteria.p__Actinobacteria.c__Actinobacteria.o__Micrococcales.f__Intrasporangiaceae.g__Terrabacter","microbiota",0.0241884922017139,4.62287415947582,"k__Bacteria.p__Actinobacteria.c__Actinobacteria.o__Micrococcales.f__Intrasporangiaceae.g__Terrabacter","microbiota",0.0107730699744231,2.37738518797168,"k__Bacteria.p__Actinobacteria.c__Actinobacteria.o__Micrococcales.f__Intrasporangiaceae.g__Terrabacter","microbiota"
"Intrasporangiaceae|Tetrasphaera",0.0720906307088237,22.4605037920843,"k__Bacteria.p__Actinobacteria.c__Actinobacteria.o__Micrococcales.f__Intrasporangiaceae.g__Tetrasphaera","microbiota",0.0127108595683416,6.83344454362332,"k__Bacteria.p__Actinobacteria.c__Actinobacteria.o__Micrococcales.f__Intrasporangiaceae.g__Tetrasphaera","microbiota",0.105969648536842,20.2527857389552,"k__Bacteria.p__Actinobacteria.c__Actinobacteria.o__Micrococcales.f__Intrasporangiaceae.g__Tetrasphaera","microbiota",0.0192222650018234,4.24194108114932,"k__Bacteria.p__Actinobacteria.c__Actinobacteria.o__Micrococcales.f__Intrasporangiaceae.g__Tetrasphaera","microbiota"
"ISG.gene38",0.0446508565086324,13.9113879580637,NA,"immune",0.0486361008111013,26.147098543871,NA,"immune",0.0739268114502116,14.1287990791509,NA,"immune",0.0389919878766374,8.6046943580215,NA,"immune"
"Kiloniellaceae|Kiloniella",0.0431977074990639,13.4586459232256,"k__Bacteria.p__Proteobacteria.c__Alphaproteobacteria.o__Kiloniellales.f__Kiloniellaceae.g__Kiloniella","microbiota",0.000549023075501309,0.295158538998571,"k__Bacteria.p__Proteobacteria.c__Alphaproteobacteria.o__Kiloniellales.f__Kiloniellaceae.g__Kiloniella","microbiota",0.037243587061219,7.11794744359045,"k__Bacteria.p__Proteobacteria.c__Alphaproteobacteria.o__Kiloniellales.f__Kiloniellaceae.g__Kiloniella","microbiota",0.00911279398296139,2.01099793165411,"k__Bacteria.p__Proteobacteria.c__Alphaproteobacteria.o__Kiloniellales.f__Kiloniellaceae.g__Kiloniella","microbiota"
"Lachnospiraceae|Lachnoclostridium",0.0376088051715586,11.7173716315976,"k__Bacteria.p__Firmicutes.c__Clostridia.o__Clostridiales.f__Lachnospiraceae.g__Lachnoclostridium","microbiota",0.0366607926702135,19.7090914497344,"k__Bacteria.p__Firmicutes.c__Clostridia.o__Clostridiales.f__Lachnospiraceae.g__Lachnoclostridium","microbiota",0.0375400457680269,7.17460625818812,"k__Bacteria.p__Firmicutes.c__Clostridia.o__Clostridiales.f__Lachnospiraceae.g__Lachnoclostridium","microbiota",0.00864174511280247,1.90704756194656,"k__Bacteria.p__Firmicutes.c__Clostridia.o__Clostridiales.f__Lachnospiraceae.g__Lachnoclostridium","microbiota"
"Legionellaceae|Legionella",0.00872949649902832,2.71975549792788,"k__Bacteria.p__Proteobacteria.c__Gammaproteobacteria.o__Legionellales.f__Legionellaceae.g__Legionella","microbiota",0.000575031287684324,0.309140730735948,"k__Bacteria.p__Proteobacteria.c__Gammaproteobacteria.o__Legionellales.f__Legionellaceae.g__Legionella","microbiota",0.0179306997590258,3.42689275073733,"k__Bacteria.p__Proteobacteria.c__Gammaproteobacteria.o__Legionellales.f__Legionellaceae.g__Legionella","microbiota",0.0013903411441184,0.306818432452602,"k__Bacteria.p__Proteobacteria.c__Gammaproteobacteria.o__Legionellales.f__Legionellaceae.g__Legionella","microbiota"
"Leptotrichiaceae|Sebaldella",0.0376286272132554,11.7235473723051,"k__Bacteria.p__Fusobacteria.c__Fusobacteriia.o__Fusobacteriales.f__Leptotrichiaceae.g__Sebaldella","microbiota",0.00136373457797068,0.733152983138498,"k__Bacteria.p__Fusobacteria.c__Fusobacteriia.o__Fusobacteriales.f__Leptotrichiaceae.g__Sebaldella","microbiota",0.0184154850211049,3.51954429934445,"k__Bacteria.p__Fusobacteria.c__Fusobacteriia.o__Fusobacteriales.f__Leptotrichiaceae.g__Sebaldella","microbiota",0.00331458577705168,0.731457899125571,"k__Bacteria.p__Fusobacteria.c__Fusobacteriia.o__Fusobacteriales.f__Leptotrichiaceae.g__Sebaldella","microbiota"
"Macrophages.M1",0.0133448158145347,4.15770098360836,NA,"immune",NA,NA,NA,NA,0.0355674847374829,6.79761287885525,NA,"immune",NA,NA,NA,NA
"Macrophages.M2",0.273432230564178,85.1903443079891,NA,"immune",0.0920325700964401,49.4773355475913,NA,"immune",0.105969058015402,20.2526728792414,NA,"immune",0.0541541625128477,11.9506606873172,NA,"immune"
"Methylocystaceae|Methylopila",0.00860487110058028,2.68092730060307,"k__Bacteria.p__Proteobacteria.c__Alphaproteobacteria.o__Rhizobiales.f__Methylocystaceae.g__Methylopila","microbiota",0.00235355423505534,1.26528676201548,"k__Bacteria.p__Proteobacteria.c__Alphaproteobacteria.o__Rhizobiales.f__Methylocystaceae.g__Methylopila","microbiota",0.00104075356869548,0.198907511017313,"k__Bacteria.p__Proteobacteria.c__Alphaproteobacteria.o__Rhizobiales.f__Methylocystaceae.g__Methylopila","microbiota",0.00215122703170378,0.474729607556526,"k__Bacteria.p__Proteobacteria.c__Alphaproteobacteria.o__Rhizobiales.f__Methylocystaceae.g__Methylopila","microbiota"
"Microbacteriaceae|Plantibacter",0.160137692784535,49.8923815852041,"k__Bacteria.p__Actinobacteria.c__Actinobacteria.o__Micrococcales.f__Microbacteriaceae.g__Plantibacter","microbiota",0.0536546886862468,28.8451255142517,"k__Bacteria.p__Actinobacteria.c__Actinobacteria.o__Micrococcales.f__Microbacteriaceae.g__Plantibacter","microbiota",0.0177220240146411,3.38701090533824,"k__Bacteria.p__Actinobacteria.c__Actinobacteria.o__Micrococcales.f__Microbacteriaceae.g__Plantibacter","microbiota",0.0149244584422217,3.29350747031946,"k__Bacteria.p__Actinobacteria.c__Actinobacteria.o__Micrococcales.f__Microbacteriaceae.g__Plantibacter","microbiota"
"Micrococcaceae|Paenarthrobacter",0.0927868090245929,28.9085898605848,"k__Bacteria.p__Actinobacteria.c__Actinobacteria.o__Micrococcales.f__Micrococcaceae.g__Paenarthrobacter","microbiota",0.00242053230729089,1.30129462913097,"k__Bacteria.p__Actinobacteria.c__Actinobacteria.o__Micrococcales.f__Micrococcaceae.g__Paenarthrobacter","microbiota",0.0120635743980736,2.30557514253893,"k__Bacteria.p__Actinobacteria.c__Actinobacteria.o__Micrococcales.f__Micrococcaceae.g__Paenarthrobacter","microbiota",0.00663673593146208,1.4645850938866,"k__Bacteria.p__Actinobacteria.c__Actinobacteria.o__Micrococcales.f__Micrococcaceae.g__Paenarthrobacter","microbiota"
"Micromonosporaceae|Salinispora",0.021975229164981,6.84658620876184,"k__Bacteria.p__Actinobacteria.c__Actinobacteria.o__Micromonosporales.f__Micromonosporaceae.g__Salinispora","microbiota",0.00591750880543707,3.18129297558062,"k__Bacteria.p__Actinobacteria.c__Actinobacteria.o__Micromonosporales.f__Micromonosporaceae.g__Salinispora","microbiota",0.0242248015728527,4.62981356074913,"k__Bacteria.p__Actinobacteria.c__Actinobacteria.o__Micromonosporales.f__Micromonosporaceae.g__Salinispora","microbiota",0.0130297448317425,2.87538486611324,"k__Bacteria.p__Actinobacteria.c__Actinobacteria.o__Micromonosporales.f__Micromonosporaceae.g__Salinispora","microbiota"
"Mycoplasmataceae|Ureaplasma",0.0115305148548057,3.59243871325083,"k__Bacteria.p__Tenericutes.c__Mollicutes.o__Mycoplasmatales.f__Mycoplasmataceae.g__Ureaplasma","microbiota",0.0150679231150607,8.10061793545415,"k__Bacteria.p__Tenericutes.c__Mollicutes.o__Mycoplasmatales.f__Mycoplasmataceae.g__Ureaplasma","microbiota",0.0217837865797088,4.16328985019316,"k__Bacteria.p__Tenericutes.c__Mollicutes.o__Mycoplasmatales.f__Mycoplasmataceae.g__Ureaplasma","microbiota",0.00349717796014315,0.771752072703916,"k__Bacteria.p__Tenericutes.c__Mollicutes.o__Mycoplasmatales.f__Mycoplasmataceae.g__Ureaplasma","microbiota"
"myeloid.gene6",0.0839188743897952,26.1457026790686,NA,"immune",0.105980592788479,56.975887399792,NA,"immune",0.0179392973479592,3.42853591110393,NA,"immune",0.14185530375829,31.30441914801,NA,"immune"
"Myxococcaceae|Myxococcus",0.0134623543153484,4.19432119232735,"k__Bacteria.p__Proteobacteria.c__Deltaproteobacteria.o__Myxococcales.f__Myxococcaceae.g__Myxococcus","microbiota",0.0014382842813373,0.773231410640616,"k__Bacteria.p__Proteobacteria.c__Deltaproteobacteria.o__Myxococcales.f__Myxococcaceae.g__Myxococcus","microbiota",0.0078822101706264,1.50643807863164,"k__Bacteria.p__Proteobacteria.c__Deltaproteobacteria.o__Myxococcales.f__Myxococcaceae.g__Myxococcus","microbiota",0.00276842499649133,0.610931943846535,"k__Bacteria.p__Proteobacteria.c__Deltaproteobacteria.o__Myxococcales.f__Myxococcaceae.g__Myxococcus","microbiota"
"Neisseriaceae|Conchiformibius",0.0134780790089009,4.19922036626566,"k__Bacteria.p__Proteobacteria.c__Betaproteobacteria.o__Neisseriales.f__Neisseriaceae.g__Conchiformibius","microbiota",0.00314368933374543,1.69006876435283,"k__Bacteria.p__Proteobacteria.c__Betaproteobacteria.o__Neisseriales.f__Neisseriaceae.g__Conchiformibius","microbiota",0.0145613392458918,2.78294481383277,"k__Bacteria.p__Proteobacteria.c__Betaproteobacteria.o__Neisseriales.f__Neisseriaceae.g__Conchiformibius","microbiota",0.0216954439321719,4.78771855870896,"k__Bacteria.p__Proteobacteria.c__Betaproteobacteria.o__Neisseriales.f__Neisseriaceae.g__Conchiformibius","microbiota"
"Nitrospiraceae|Nitrospira",0.0921119183858408,28.6983214303895,"k__Bacteria.p__Nitrospirae.c__Nitrospira.o__Nitrospirales.f__Nitrospiraceae.g__Nitrospira","microbiota",0.00885361656107064,4.75976447189046,"k__Bacteria.p__Nitrospirae.c__Nitrospira.o__Nitrospirales.f__Nitrospiraceae.g__Nitrospira","microbiota",0.00694988381204065,1.32825303942531,"k__Bacteria.p__Nitrospirae.c__Nitrospira.o__Nitrospirales.f__Nitrospiraceae.g__Nitrospira","microbiota",0.00557784077828516,1.23090967371812,"k__Bacteria.p__Nitrospirae.c__Nitrospira.o__Nitrospirales.f__Nitrospiraceae.g__Nitrospira","microbiota"
"Nocardiopsaceae|Nocardiopsis",0.0256619135985091,7.99520689476927,"k__Bacteria.p__Actinobacteria.c__Actinobacteria.o__Streptosporangiales.f__Nocardiopsaceae.g__Nocardiopsis","microbiota",0.0037080764776104,1.99348713098643,"k__Bacteria.p__Actinobacteria.c__Actinobacteria.o__Streptosporangiales.f__Nocardiopsaceae.g__Nocardiopsis","microbiota",0.0186419218166796,3.56282061447344,"k__Bacteria.p__Actinobacteria.c__Actinobacteria.o__Streptosporangiales.f__Nocardiopsaceae.g__Nocardiopsis","microbiota",0.011722864208271,2.58698437822402,"k__Bacteria.p__Actinobacteria.c__Actinobacteria.o__Streptosporangiales.f__Nocardiopsaceae.g__Nocardiopsis","microbiota"
"Opitutaceae|Diplosphaera",0.00211239433608235,0.6581360230789,"k__Bacteria.p__Verrucomicrobia.c__Opitutae.o__Opitutales.f__Opitutaceae.g__Diplosphaera","microbiota",NA,NA,NA,NA,0.0305611092740417,5.84080070678706,"k__Bacteria.p__Verrucomicrobia.c__Opitutae.o__Opitutales.f__Opitutaceae.g__Diplosphaera","microbiota",NA,NA,NA,NA
"Pasteurellaceae|Actinobacillus",0.00511050728010054,1.59222588310804,"k__Bacteria.p__Proteobacteria.c__Gammaproteobacteria.o__Pasteurellales.f__Pasteurellaceae.g__Actinobacillus","microbiota",0.00706363190185566,3.7974565463787,"k__Bacteria.p__Proteobacteria.c__Gammaproteobacteria.o__Pasteurellales.f__Pasteurellaceae.g__Actinobacillus","microbiota",0.0221332440694493,4.2300777254226,"k__Bacteria.p__Proteobacteria.c__Gammaproteobacteria.o__Pasteurellales.f__Pasteurellaceae.g__Actinobacillus","microbiota",0.0242709728535303,5.35608248128322,"k__Bacteria.p__Proteobacteria.c__Gammaproteobacteria.o__Pasteurellales.f__Pasteurellaceae.g__Actinobacillus","microbiota"
"Peptostreptococcaceae|Clostridioides",0.0236398265856996,7.36520695479686,"k__Bacteria.p__Firmicutes.c__Clostridia.o__Clostridiales.f__Peptostreptococcaceae.g__Clostridioides","microbiota",0.00795246907726199,4.27530145637816,"k__Bacteria.p__Firmicutes.c__Clostridia.o__Clostridiales.f__Peptostreptococcaceae.g__Clostridioides","microbiota",0.0257455655884672,4.92046006371499,"k__Bacteria.p__Firmicutes.c__Clostridia.o__Clostridiales.f__Peptostreptococcaceae.g__Clostridioides","microbiota",0.0289156636996946,6.38106600469804,"k__Bacteria.p__Firmicutes.c__Clostridia.o__Clostridiales.f__Peptostreptococcaceae.g__Clostridioides","microbiota"
"Petrotogales|Marinitoga",0.171688481666143,53.4911368593091,"k__Bacteria.p__Thermotogae.c__Thermotogae.o__Petrotogales.g__Marinitoga","microbiota",0.0388633350323992,20.8931932019451,"k__Bacteria.p__Thermotogae.c__Thermotogae.o__Petrotogales.g__Marinitoga","microbiota",0.0753411457497596,14.3991048688511,"k__Bacteria.p__Thermotogae.c__Thermotogae.o__Petrotogales.g__Marinitoga","microbiota",0.0342598070035584,7.56040366454501,"k__Bacteria.p__Thermotogae.c__Thermotogae.o__Petrotogales.g__Marinitoga","microbiota"
"Planococcaceae|Kurthia",0.0110204047054621,3.43350917093638,"k__Bacteria.p__Firmicutes.c__Bacilli.o__Bacillales.f__Planococcaceae.g__Kurthia","microbiota",0.007406228109198,3.9816385972575,"k__Bacteria.p__Firmicutes.c__Bacilli.o__Bacillales.f__Planococcaceae.g__Kurthia","microbiota",0.131142828823624,25.0638522448429,"k__Bacteria.p__Firmicutes.c__Bacilli.o__Bacillales.f__Planococcaceae.g__Kurthia","microbiota",0.0050834086608782,1.1217991235062,"k__Bacteria.p__Firmicutes.c__Bacilli.o__Bacillales.f__Planococcaceae.g__Kurthia","microbiota"
"Porphyromonadaceae|Sanguibacteroides",0.0155201117605913,4.83543458594913,"k__Bacteria.p__Bacteroidetes.c__Bacteroidia.o__Bacteroidales.f__Porphyromonadaceae.g__Sanguibacteroides","microbiota",0.00263269874569094,1.41535674924406,"k__Bacteria.p__Bacteroidetes.c__Bacteroidia.o__Bacteroidales.f__Porphyromonadaceae.g__Sanguibacteroides","microbiota",0.100593538451845,19.2253103517681,"k__Bacteria.p__Bacteroidetes.c__Bacteroidia.o__Bacteroidales.f__Porphyromonadaceae.g__Sanguibacteroides","microbiota",0.00206138754380636,0.45490396191147,"k__Bacteria.p__Bacteroidetes.c__Bacteroidia.o__Bacteroidales.f__Porphyromonadaceae.g__Sanguibacteroides","microbiota"
"Promicromonosporaceae|Cellulosimicrobium",0.00540987092130407,1.6854953986103,"k__Bacteria.p__Actinobacteria.c__Actinobacteria.o__Micrococcales.f__Promicromonosporaceae.g__Cellulosimicrobium","microbiota",0.00368371364438813,1.98038950616769,"k__Bacteria.p__Actinobacteria.c__Actinobacteria.o__Micrococcales.f__Promicromonosporaceae.g__Cellulosimicrobium","microbiota",0.00933501986968732,1.78409723821946,"k__Bacteria.p__Actinobacteria.c__Actinobacteria.o__Micrococcales.f__Promicromonosporaceae.g__Cellulosimicrobium","microbiota",0.00235286674845148,0.519227162760463,"k__Bacteria.p__Actinobacteria.c__Actinobacteria.o__Micrococcales.f__Promicromonosporaceae.g__Cellulosimicrobium","microbiota"
"Pseudonocardiaceae|Alloactinosynnema",0.0544009289889308,16.9491133568239,"k__Bacteria.p__Actinobacteria.c__Actinobacteria.o__Pseudonocardiales.f__Pseudonocardiaceae.g__Alloactinosynnema","microbiota",0.00872252622283642,4.68928941458123,"k__Bacteria.p__Actinobacteria.c__Actinobacteria.o__Pseudonocardiales.f__Pseudonocardiaceae.g__Alloactinosynnema","microbiota",0.031833895242909,6.08405395783523,"k__Bacteria.p__Actinobacteria.c__Actinobacteria.o__Pseudonocardiales.f__Pseudonocardiaceae.g__Alloactinosynnema","microbiota",0.00371309197223935,0.819399658345866,"k__Bacteria.p__Actinobacteria.c__Actinobacteria.o__Pseudonocardiales.f__Pseudonocardiaceae.g__Alloactinosynnema","microbiota"
"Pseudonocardiaceae|Kutzneria",0.0155080214182284,4.83166772778989,"k__Bacteria.p__Actinobacteria.c__Actinobacteria.o__Pseudonocardiales.f__Pseudonocardiaceae.g__Kutzneria","microbiota",0.00150725155337927,0.810308685099507,"k__Bacteria.p__Actinobacteria.c__Actinobacteria.o__Pseudonocardiales.f__Pseudonocardiaceae.g__Kutzneria","microbiota",0.00773794283518159,1.47886588721422,"k__Bacteria.p__Actinobacteria.c__Actinobacteria.o__Pseudonocardiales.f__Pseudonocardiaceae.g__Kutzneria","microbiota",0.00246220679070952,0.543356161971794,"k__Bacteria.p__Actinobacteria.c__Actinobacteria.o__Pseudonocardiales.f__Pseudonocardiaceae.g__Kutzneria","microbiota"
"raceASIAN",NA,NA,NA,NA,0.000177158432049018,0.095241577828255,NA,"clinical",NA,NA,NA,NA,0.0078965738738479,1.74260427231797,NA,"clinical"
"raceWHITE",0.00431429632597313,1.3441589848351,NA,"clinical",0.00118144760093164,0.635154264647148,NA,"clinical",0.00465911915954254,0.890444984703995,NA,"clinical",0.00921533937502217,2.03362749748436,NA,"clinical"
"Rhodobacteraceae|Ruegeria",0.00821358423076046,2.55901825171601,"k__Bacteria.p__Proteobacteria.c__Alphaproteobacteria.o__Rhodobacterales.f__Rhodobacteraceae.g__Ruegeria","microbiota",0.00650852232552335,3.49902586314238,"k__Bacteria.p__Proteobacteria.c__Alphaproteobacteria.o__Rhodobacterales.f__Rhodobacteraceae.g__Ruegeria","microbiota",0.0162080665193851,3.09766525596918,"k__Bacteria.p__Proteobacteria.c__Alphaproteobacteria.o__Rhodobacterales.f__Rhodobacteraceae.g__Ruegeria","microbiota",0.0051159746525149,1.12898573849455,"k__Bacteria.p__Proteobacteria.c__Alphaproteobacteria.o__Rhodobacterales.f__Rhodobacteraceae.g__Ruegeria","microbiota"
"Rhodothermaceae|Salisaeta",0.0314591022898244,9.80137473245442,"k__Bacteria.p__Bacteroidetes.o__Bacteroidetes_Order_II._Incertae_sedis.f__Rhodothermaceae.g__Salisaeta","microbiota",0.00266348980636033,1.43191023285328,"k__Bacteria.p__Bacteroidetes.o__Bacteroidetes_Order_II._Incertae_sedis.f__Rhodothermaceae.g__Salisaeta","microbiota",0.0242636659989511,4.63724128090776,"k__Bacteria.p__Bacteroidetes.o__Bacteroidetes_Order_II._Incertae_sedis.f__Rhodothermaceae.g__Salisaeta","microbiota",0.00876787995142858,1.9348828120423,"k__Bacteria.p__Bacteroidetes.o__Bacteroidetes_Order_II._Incertae_sedis.f__Rhodothermaceae.g__Salisaeta","microbiota"
"Ruminococcaceae|Ruminiclostridium",0.015640868929327,4.87305760047462,"k__Bacteria.p__Firmicutes.c__Clostridia.o__Clostridiales.f__Ruminococcaceae.g__Ruminiclostridium","microbiota",0.0272763782172972,14.6639664215183,"k__Bacteria.p__Firmicutes.c__Clostridia.o__Clostridiales.f__Ruminococcaceae.g__Ruminiclostridium","microbiota",0.0319297175364395,6.10236739386793,"k__Bacteria.p__Firmicutes.c__Clostridia.o__Clostridiales.f__Ruminococcaceae.g__Ruminiclostridium","microbiota",0.00710251788137006,1.5673731674037,"k__Bacteria.p__Firmicutes.c__Clostridia.o__Clostridiales.f__Ruminococcaceae.g__Ruminiclostridium","microbiota"
"Saprospiraceae|Lewinella",0.0204862259658417,6.38267346903602,"k__Bacteria.p__Bacteroidetes.c__Chitinophagia.o__Chitinophagales.f__Saprospiraceae.g__Lewinella","microbiota",0.000352943753824553,0.189744962235705,"k__Bacteria.p__Bacteroidetes.c__Chitinophagia.o__Chitinophagales.f__Saprospiraceae.g__Lewinella","microbiota",0.00701321793251319,1.34035737674837,"k__Bacteria.p__Bacteroidetes.c__Chitinophagia.o__Chitinophagales.f__Saprospiraceae.g__Lewinella","microbiota",0.00513727566491418,1.1336864144845,"k__Bacteria.p__Bacteroidetes.c__Chitinophagia.o__Chitinophagales.f__Saprospiraceae.g__Lewinella","microbiota"
"Spirochaetaceae|Sphaerochaeta",0.0114255671664693,3.55974128879117,"k__Bacteria.p__Spirochaetes.c__Spirochaetia.o__Spirochaetales.f__Spirochaetaceae.g__Sphaerochaeta","microbiota",0.000909224554527799,0.488805303658701,"k__Bacteria.p__Spirochaetes.c__Spirochaetia.o__Spirochaetales.f__Spirochaetaceae.g__Sphaerochaeta","microbiota",0.032660607035837,6.24205407429514,"k__Bacteria.p__Spirochaetes.c__Spirochaetia.o__Spirochaetales.f__Spirochaetaceae.g__Sphaerochaeta","microbiota",0.0149761376514134,3.30491196195927,"k__Bacteria.p__Spirochaetes.c__Spirochaetia.o__Spirochaetales.f__Spirochaetaceae.g__Sphaerochaeta","microbiota"
"Sporolactobacillaceae|Sporolactobacillus",0.0249607922333729,7.77676603878677,"k__Bacteria.p__Firmicutes.c__Bacilli.o__Bacillales.f__Sporolactobacillaceae.g__Sporolactobacillus","microbiota",0.000963113006225647,0.517776101757686,"k__Bacteria.p__Firmicutes.c__Bacilli.o__Bacillales.f__Sporolactobacillaceae.g__Sporolactobacillus","microbiota",0.0282612943744617,5.401262980244,"k__Bacteria.p__Firmicutes.c__Bacilli.o__Bacillales.f__Sporolactobacillaceae.g__Sporolactobacillus","microbiota",0.00277471400348761,0.612319792632026,"k__Bacteria.p__Firmicutes.c__Bacilli.o__Bacillales.f__Sporolactobacillaceae.g__Sporolactobacillus","microbiota"
"Streptomycetaceae|Kitasatospora",0.009075358585106,2.82751203465818,"k__Bacteria.p__Actinobacteria.c__Actinobacteria.o__Streptomycetales.f__Streptomycetaceae.g__Kitasatospora","microbiota",0.00295294004861157,1.58752065148213,"k__Bacteria.p__Actinobacteria.c__Actinobacteria.o__Streptomycetales.f__Streptomycetaceae.g__Kitasatospora","microbiota",0.0420993816977748,8.04598079771017,"k__Bacteria.p__Actinobacteria.c__Actinobacteria.o__Streptomycetales.f__Streptomycetaceae.g__Kitasatospora","microbiota",0.0181180899264233,3.99827335454807,"k__Bacteria.p__Actinobacteria.c__Actinobacteria.o__Streptomycetales.f__Streptomycetaceae.g__Kitasatospora","microbiota"
"Succinivibrionaceae|Succinimonas",0.0197428087008575,6.15105493365769,"k__Bacteria.p__Proteobacteria.c__Gammaproteobacteria.o__Aeromonadales.f__Succinivibrionaceae.g__Succinimonas","microbiota",0.0203185628833092,10.9233975816265,"k__Bacteria.p__Proteobacteria.c__Gammaproteobacteria.o__Aeromonadales.f__Succinivibrionaceae.g__Succinimonas","microbiota",0.039101145290489,7.47296163241226,"k__Bacteria.p__Proteobacteria.c__Gammaproteobacteria.o__Aeromonadales.f__Succinivibrionaceae.g__Succinimonas","microbiota",0.0439362292277322,9.69578224492436,"k__Bacteria.p__Proteobacteria.c__Gammaproteobacteria.o__Aeromonadales.f__Succinivibrionaceae.g__Succinimonas","microbiota"
"TGFb.gene19",0.19593709560324,61.0460171527935,NA,"immune",0.0136763526672998,7.35250019941976,NA,"immune",0.133945801620405,25.5995528748737,NA,"immune",0.0535990369871923,11.8281564053167,NA,"immune"
"Thermaceae|Meiothermus",0.0110231416249529,3.43436188355656,"k__Bacteria.p__Deinococcus.Thermus.c__Deinococci.o__Thermales.f__Thermaceae.g__Meiothermus","microbiota",0.00481370337603804,2.58787967035183,"k__Bacteria.p__Deinococcus.Thermus.c__Deinococci.o__Thermales.f__Thermaceae.g__Meiothermus","microbiota",0.0363562662812171,6.94836381386979,"k__Bacteria.p__Deinococcus.Thermus.c__Deinococci.o__Thermales.f__Thermaceae.g__Meiothermus","microbiota",0.0172837260779525,3.81414717144122,"k__Bacteria.p__Deinococcus.Thermus.c__Deinococci.o__Thermales.f__Thermaceae.g__Meiothermus","microbiota"
"Thermoanaerobacterales_Family_III_Incertae_Sedis|Thermoanaerobacterium",0.0145161726601027,4.52264805943612,"k__Bacteria.p__Firmicutes.c__Clostridia.o__Thermoanaerobacterales.f__Thermoanaerobacterales_Family_III._Incertae_Sedis.g__Thermoanaerobacterium","microbiota",0.0020624875614268,1.10880733888572,"k__Bacteria.p__Firmicutes.c__Clostridia.o__Thermoanaerobacterales.f__Thermoanaerobacterales_Family_III._Incertae_Sedis.g__Thermoanaerobacterium","microbiota",0.0142035880462499,2.71457185521451,"k__Bacteria.p__Firmicutes.c__Clostridia.o__Thermoanaerobacterales.f__Thermoanaerobacterales_Family_III._Incertae_Sedis.g__Thermoanaerobacterium","microbiota",0.0129932682267661,2.86733526274259,"k__Bacteria.p__Firmicutes.c__Clostridia.o__Thermoanaerobacterales.f__Thermoanaerobacterales_Family_III._Incertae_Sedis.g__Thermoanaerobacterium","microbiota"
"Tinfl.gene160",NA,NA,NA,NA,0.0235262098724948,12.6478504164854,NA,"immune",NA,NA,NA,NA,0.0343533191045617,7.58103977703192,NA,"immune"
"Tissue.TypeBrain",NA,NA,NA,NA,0.0641789784694369,34.5030552716988,NA,"tissue",NA,NA,NA,NA,0.106305616202861,23.4593665462959,NA,"tissue"
"Tissue.TypeEndocrine_tissues",NA,NA,NA,NA,0.00122550359185136,0.658839064966563,NA,"tissue",NA,NA,NA,NA,0.00672943337681398,1.48504142936624,NA,"tissue"
"Tissue.TypeFemale",0.159564895909843,49.7139214129237,NA,"tissue",0.0433508800579235,23.3057279250342,NA,"tissue",0.200336475142718,38.2880547664777,NA,"tissue",0.00869878849101491,1.91963581049188,NA,"tissue"
"Tissue.TypeGastrointestinal_tract",0.081145524359636,25.2816397868911,NA,"tissue",0.0683841992114141,36.7638105400182,NA,"tissue",0.0174896166607945,3.3425935046334,NA,"tissue",0.118963928190236,26.2527841603052,NA,"tissue"
"Tissue.TypeKidney_urinary_bladder",0.240095533413269,74.8039875039014,NA,"tissue",0.158292377541872,85.0990586273777,NA,"tissue",0.00942718323703862,1.80171138488994,NA,"tissue",0.00480395126706235,1.0601288781347,NA,"tissue"
"Tissue.TypeLiver_gallbladder",0.00551380632699039,1.71787743703327,NA,"tissue",NA,NA,NA,NA,0.00339625951097144,0.649088839486711,NA,"tissue",NA,NA,NA,NA
"Tissue.TypeLung",0.0130766200966824,4.07414212334297,NA,"tissue",0.0057288892933206,3.0798898431675,NA,"tissue",0.0503818302798067,9.62891193735141,NA,"tissue",0.0266198184984375,5.87442227284605,NA,"tissue"
"Tissue.TypeMale",0.0507047683351756,15.797540266624,NA,"tissue",NA,NA,NA,NA,0.14219610535229,27.1763405312474,NA,"tissue",NA,NA,NA,NA
"Tissue.TypeProximal_digestive_tract",0.000120648076146868,0.0375890257188819,NA,"tissue",0.00846694700777539,4.55188829050838,NA,"tissue",0.00411744852451279,0.786921575276746,NA,"tissue",0.00176234344649195,0.388911351709038,NA,"tissue"
"Tissue.TypeSkin",NA,NA,NA,NA,0.0565538341375623,30.4037258243995,NA,"tissue",NA,NA,NA,NA,0.0477454762625592,10.5364012606203,NA,"tissue"
"Vibrionaceae|Grimontia",0.0334604636305482,10.4249173973011,"k__Bacteria.p__Proteobacteria.c__Gammaproteobacteria.o__Vibrionales.f__Vibrionaceae.g__Grimontia","microbiota",0.00914960176963864,4.91888813285197,"k__Bacteria.p__Proteobacteria.c__Gammaproteobacteria.o__Vibrionales.f__Vibrionaceae.g__Grimontia","microbiota",0.0169000388177718,3.22991412996299,"k__Bacteria.p__Proteobacteria.c__Gammaproteobacteria.o__Vibrionales.f__Vibrionaceae.g__Grimontia","microbiota",0.0271061999547673,5.98175621504893,"k__Bacteria.p__Proteobacteria.c__Gammaproteobacteria.o__Vibrionales.f__Vibrionaceae.g__Grimontia","microbiota"
"Xanthomonadaceae|Lysobacter",0.042617830327175,13.2779798187666,"k__Bacteria.p__Proteobacteria.c__Gammaproteobacteria.o__Xanthomonadales.f__Xanthomonadaceae.g__Lysobacter","microbiota",0.00670623818846061,3.60531925561613,"k__Bacteria.p__Proteobacteria.c__Gammaproteobacteria.o__Xanthomonadales.f__Xanthomonadaceae.g__Lysobacter","microbiota",0.0795551386085175,15.2044778756723,"k__Bacteria.p__Proteobacteria.c__Gammaproteobacteria.o__Xanthomonadales.f__Xanthomonadaceae.g__Lysobacter","microbiota",0.00566358681243895,1.24983198203028,"k__Bacteria.p__Proteobacteria.c__Gammaproteobacteria.o__Xanthomonadales.f__Xanthomonadaceae.g__Lysobacter","microbiota"
